MSE,Euclidean Distance,Cosine Distance,L1 Distance,Pearson Correlation,Dot Product,Jaccard Similarity,Hamming Distance,Mahalanobis Distance
4.087732791900635,45.74843215942383,0.8625667095184326,248.3280029296875,-0.04959922656416893,52.11228561401367,0.17391304347826086,171,14718.984375
1.0139414072036743,22.78459930419922,0.843904510140419,212.63418579101562,-0.16226716339588165,24.912687301635742,0.03614457831325301,160,15053.5166015625
